{
  "place_pos": {
    "x": 0.48875809237742,
    "y": -0.8252214731855659,
    "z": -0.3261707163800937,
    "rx": 1.5913170676627957,
    "ry": 2.6108588822375354,
    "rz": -0.04424744062753069
  },
  "pick_pos": {
    "x": 0.009905542412372903,
    "y": -1.1108999790766894,
    "z": -0.32812667461483425,
    "rx": 1.993472097115742,
    "ry": 2.3014360659572346,
    "rz": -0.16505049747150982
  },
  "scan_pos": {
    "x": 0.012782700564862417,
    "y": -1.0964342155192361,
    "z": 0.06475003547266098,
    "rx": 1.9672345372649414,
    "ry": 2.3470598206744135,
    "rz": -0.06309409499592944
  },
  "dump_pos": {
    "x": -0.48875809237742,
    "y": -0.9008987847270624,
    "z": -0.3280992803530878,
    "rx": 1.9935382510365889,
    "ry": 2.301503266844502,
    "rz": -0.16511401416653265
  }
}