{
  "R_cam2tcp": [
    [
      0.03397286146505074,
      0.659732026380932,
      0.7507326408590393
    ],
    [
      -0.9979302678957355,
      -0.018643996980139188,
      0.061543332653928806
    ],
    [
      0.05459876465107932,
      -0.751269628524883,
      0.6577331678991573
    ]
  ],
  "t_cam2tcp": [
    -0.13787878220621275,
    -0.010971535043749854,
    -0.10537065949281132
  ],
  "best_method": "HORAUD",
  "all_methods": {
    "TSAI": {
      "R": [
        [
          0.0380359454233683,
          0.6584383985279754,
          0.7516728957463252
        ],
        [
          -0.9976921986289276,
          -0.01731665645501157,
          0.06565371432139783
        ],
        [
          0.05624538781737726,
          -0.7524353851016938,
          0.6562601980892477
        ]
      ],
      "t": [
        -0.1349617593039129,
        -0.011520870521036156,
        -0.10163865900323699
      ]
    },
    "PARK": {
      "R": [
        [
          0.03399200001215098,
          0.6597637894101421,
          0.7507038604658578
        ],
        [
          -0.9979256525963399,
          -0.018683269190050145,
          0.06160622811487304
        ],
        [
          0.05467116081942665,
          -0.7512407587688104,
          0.6577601284200183
        ]
      ],
      "t": [
        -0.13786831545585831,
        -0.01096768209401094,
        -0.10538277411748778
      ]
    },
    "HORAUD": {
      "R": [
        [
          0.03397286146505074,
          0.659732026380932,
          0.7507326408590393
        ],
        [
          -0.9979302678957355,
          -0.018643996980139188,
          0.061543332653928806
        ],
        [
          0.05459876465107932,
          -0.751269628524883,
          0.6577331678991573
        ]
      ],
      "t": [
        -0.13787878220621275,
        -0.010971535043749854,
        -0.10537065949281132
      ]
    },
    "ANDREFF": {
      "R": [
        [
          0.04094406098037162,
          0.6590012485599662,
          0.7510265895871076
        ],
        [
          -0.9979315934847011,
          -0.010311218188264692,
          0.06345245073721915
        ],
        [
          0.04955924329043815,
          -0.7520711623083816,
          0.6572159829375726
        ]
      ],
      "t": [
        -0.12442020520165875,
        -0.013801287856030166,
        -0.09473216910903476
      ]
    },
    "DANIILIDIS": {
      "R": [
        [
          0.04544638326399464,
          0.6577628798278469,
          0.751852791554836
        ],
        [
          -0.9977340930004822,
          -0.007490844598515789,
          0.06686229813359712
        ],
        [
          0.04961155019476049,
          -0.7531878126787358,
          0.6559320185198267
        ]
      ],
      "t": [
        -0.14095400337543004,
        -0.0170329511768944,
        -0.10666224204774805
      ]
    }
  },
  "board_reproj_mean_px": 0.2459,
  "intrinsics": {
    "fx": 1500.4160253798714,
    "fy": 1499.5861936645406,
    "cx": 646.1487115092085,
    "cy": 373.59283726666047
  },
  "distortion": [
    0.024867277761655596,
    1.0315051487491669,
    0.006250663509316658,
    -0.0018375238022612715,
    -4.45585936767604
  ],
  "n_samples": 30,
  "sample_ids": [
    0,
    1,
    2,
    3,
    4,
    5,
    6,
    7,
    8,
    9,
    10,
    11,
    12,
    13,
    14,
    15,
    16,
    17,
    18,
    19,
    20,
    21,
    22,
    23,
    24,
    25,
    26,
    27,
    28,
    29
  ],
  "timestamp": "Fri Mar  6 20:27:59 2026"
}