{
  "R_cam2tcp": [
    [
      -0.05741650691684952,
      0.6520263062231166,
      0.7560192065857229
    ],
    [
      -0.9943639172365466,
      -0.10495431691619106,
      0.014999715285501536
    ],
    [
      0.08912768835472917,
      -0.7508969885102046,
      0.6543775422604661
    ]
  ],
  "t_cam2tcp": [
    0.1432763374063485,
    0.06029274194182201,
    0.15575967494530282
  ],
  "best_method": "TSAI",
  "all_methods": {
    "TSAI": {
      "R": [
        [
          -0.05741650691684952,
          0.6520263062231166,
          0.7560192065857229
        ],
        [
          -0.9943639172365466,
          -0.10495431691619106,
          0.014999715285501536
        ],
        [
          0.08912768835472917,
          -0.7508969885102046,
          0.6543775422604661
        ]
      ],
      "t": [
        0.1432763374063485,
        0.06029274194182201,
        0.15575967494530282
      ]
    },
    "PARK": {
      "R": [
        [
          -0.1113537592896165,
          0.6483426750333201,
          0.753161414321466
        ],
        [
          -0.9860540651720365,
          -0.1664059215699497,
          -0.0025396504006920395
        ],
        [
          0.1236839555066575,
          -0.7429406739417999,
          0.657830855275984
        ]
      ],
      "t": [
        0.1575915302871812,
        0.06932465221621789,
        0.1554542810230336
      ]
    },
    "HORAUD": {
      "R": [
        [
          -0.11069612892123104,
          0.6485266825511318,
          0.7530999329843802
        ],
        [
          -0.9861385292939226,
          -0.1659110858855305,
          -0.002076685412673751
        ],
        [
          0.12360084176037517,
          -0.7428907413607386,
          0.6579028638914859
        ]
      ],
      "t": [
        0.1575625638166389,
        0.06923554811352904,
        0.15552449225496817
      ]
    },
    "ANDREFF": {
      "R": [
        [
          -0.0528779856320899,
          0.6495733667709442,
          0.7584578826918161
        ],
        [
          -0.9918513687753875,
          -0.12232198031334768,
          0.035611731081357206
        ],
        [
          0.11590850225019039,
          -0.7503944125019064,
          0.6507483728692959
        ]
      ],
      "t": [
        0.19970914137102513,
        0.04391071291031058,
        0.18684412160102687
      ]
    },
    "DANIILIDIS": {
      "R": [
        [
          -0.047870561548372326,
          0.6416588099409042,
          0.7654948601801752
        ],
        [
          -0.9907411374819819,
          -0.12797766113508635,
          0.04531795175536374
        ],
        [
          0.12704490480909486,
          -0.7562378527127662,
          0.6418441417403703
        ]
      ],
      "t": [
        0.12409295216177632,
        0.0647427059235374,
        0.151863819871767
      ]
    }
  },
  "board_reproj_mean_px": 0.5681,
  "intrinsics": {
    "fx": 994.0833740234375,
    "fy": 994.0833740234375,
    "cx": 655.89404296875,
    "cy": 348.7166748046875
  },
  "distortion": [
    -0.029917395786144912,
    0.4157077687476613,
    0.026961583418690666,
    -0.019247010353912613,
    -0.8048918792004485
  ],
  "n_samples": 30,
  "sample_ids": [
    0,
    1,
    2,
    3,
    4,
    5,
    6,
    7,
    8,
    9,
    10,
    11,
    12,
    13,
    14,
    15,
    16,
    17,
    18,
    19,
    20,
    21,
    22,
    23,
    24,
    25,
    26,
    27,
    28,
    29
  ],
  "timestamp": "Fri Mar  6 20:04:15 2026"
}