{
  "R_cam2tcp": [
    [
      0.11936122699251481,
      0.7102710241901833,
      0.6937347978058119
    ],
    [
      -0.9926199306155846,
      0.07029888046110677,
      0.09881164278882903
    ],
    [
      0.021414267102874196,
      -0.7004092657880419,
      0.7134201353779572
    ]
  ],
  "t_cam2tcp": [
    -0.11752946966862902,
    -0.019772338247613798,
    -0.07970975056314947
  ],
  "best_method": "PARK",
  "all_methods": {
    "TSAI": {
      "R": [
        [
          0.12125533661868282,
          0.7094538751179509,
          0.6942422793388581
        ],
        [
          -0.9924191024791875,
          0.07252899720767503,
          0.09921627688264228
        ],
        [
          0.020036675769548096,
          -0.7010098028160321,
          0.7128701059659706
        ]
      ],
      "t": [
        -0.11736924368265367,
        -0.019663069206722533,
        -0.079378654902509
      ]
    },
    "PARK": {
      "R": [
        [
          0.11936122699251481,
          0.7102710241901833,
          0.6937347978058119
        ],
        [
          -0.9926199306155846,
          0.07029888046110677,
          0.09881164278882903
        ],
        [
          0.021414267102874196,
          -0.7004092657880419,
          0.7134201353779572
        ]
      ],
      "t": [
        -0.11752946966862902,
        -0.019772338247613798,
        -0.07970975056314947
      ]
    },
    "HORAUD": {
      "R": [
        [
          0.11911386154542059,
          0.7100552439217042,
          0.6939981545847413
        ],
        [
          -0.9926635209599247,
          0.07054974298618177,
          0.09819301360090593
        ],
        [
          0.02076107278496092,
          -0.7006028006965657,
          0.713249390825499
        ]
      ],
      "t": [
        -0.11755399238029726,
        -0.01970344394255509,
        -0.07964199951218963
      ]
    },
    "ANDREFF": {
      "R": [
        [
          0.11797390997941301,
          0.7102233213554253,
          0.6940208861172968
        ],
        [
          -0.9927982979345605,
          0.06970125420333939,
          0.09743343769323276
        ],
        [
          0.020825373523876034,
          -0.7005173580756938,
          0.7133314340839335
        ]
      ],
      "t": [
        -0.12472018799126233,
        -0.020488937423152928,
        -0.08595811672640374
      ]
    },
    "DANIILIDIS": {
      "R": [
        [
          0.11906180102760333,
          0.7094238724460672,
          0.6946524719164898
        ],
        [
          -0.9926872053812709,
          0.07102403692757309,
          0.09760993008312879
        ],
        [
          0.0199097917715364,
          -0.7011942351318478,
          0.7126922511220934
        ]
      ],
      "t": [
        -0.11854561973869182,
        -0.021869522736964145,
        -0.08193326058340739
      ]
    }
  },
  "board_reproj_mean_px": 0.4536,
  "intrinsics": {
    "fx": 1452.6591429177904,
    "fy": 1454.0962113162896,
    "cx": 626.6894830435666,
    "cy": 308.9759225493146
  },
  "distortion": [
    0.0345226063880352,
    0.5117799110450464,
    -0.00957929889119489,
    -0.008711937673627691,
    -2.2970267408030645
  ],
  "n_samples": 27,
  "sample_ids": [
    0,
    1,
    2,
    3,
    4,
    5,
    6,
    7,
    8,
    9,
    10,
    11,
    12,
    13,
    14,
    15,
    16,
    17,
    18,
    19,
    20,
    21,
    22,
    23,
    24,
    25,
    26
  ],
  "timestamp": "Wed Mar 11 20:22:34 2026"
}