{
  "x": 0.336762,
  "y": -0.67083,
  "z": -0.459054,
  "rx": -1.907925,
  "ry": -2.473503,
  "rz": -0.005998,
  "note": "Top-left corner of A3 grid = robot XY reference (0,0)"
}