{
  "tcp_pose": [
    0.14359,
    -0.905207,
    0.581734,
    1.94163,
    1.886679,
    -0.451765
  ],
  "joint_angles": [
    1.517314,
    -1.428655,
    1.36783,
    -2.019364,
    -1.515284,
    -1.566882
  ]
}