{
    "recorded_points": {
        "1": [
            0.47686659826774075,
            -0.9425331410447596,
            -0.1429857363614242,
            2.0559217030204335,
            2.2958389113839366,
            0.03896585165382357
        ],
        "2": [
            -0.3836258518770951,
            -0.94257779778602,
            -0.1429329312650512,
            2.055885565481822,
            2.2958769036333706,
            0.03896042821743084
        ],
        "3": [
            -0.034855493734031365,
            -1.148550606694387,
            -0.1429615589227411,
            2.055950962977674,
            2.295923827135212,
            0.03894499643370472
        ],
        "4": [
            -0.03487397110099998,
            -0.5929491940227399,
            -0.14285270178699844,
            2.0557473568115845,
            2.295834223454115,
            0.03876638808189489
        ],
        "5": [
            -0.03493429802879491,
            -0.5929295357303691,
            -0.4571516974208028,
            2.0560071183741973,
            2.295814229895351,
            0.03877450002949138
        ],
        "6": [
            -0.03489322986818026,
            -0.8713531605225139,
            0.38337632051116755,
            2.055930648196162,
            2.2957865826565627,
            0.03892077439384114
        ]
    },
    "safe_limits": {
        "SAFE_X": [
            0.48686659826774076,
            -0.3936258518770951
        ],
        "SAFE_Y": [
            -1.138550606694387,
            -0.6029491940227399
        ],
        "SAFE_Z": [
            -0.550,
            0.37337632051116754
        ]
    },
    "margin_m": 0.01,
    "timestamp": "Wed Mar 11 19:10:47 2026"
}