{
    "recorded_points": {
        "1": [
            0.5673300943560392,
            -1.0537771835481538,
            -0.4595394506497594,
            2.2141413256908384,
            1.9659843274768394,
            -0.10465596130842116
        ],
        "2": [
            -0.29922772403049636,
            -1.194394081764952,
            -0.46020751158321127,
            2.2141686930125624,
            1.9659000769821957,
            -0.10475344112333838
        ],
        "3": [
            0.17726982999354773,
            -1.223831130863852,
            -0.4639593944664846,
            2.2141312950627117,
            1.9659362566807856,
            -0.10461594616886524
        ],
        "4": [
            0.20281576001715343,
            -0.7981877500248613,
            -0.45515830169473215,
            2.214148632180105,
            1.9658960227922582,
            -0.10479149396364391
        ],
        "5": [
            0.2028606209304573,
            -0.798095715967961,
            -0.46240993931957663,
            2.214168658989589,
            1.9660216493677884,
            -0.1045662225296021
        ],
        "6": [
            0.202858915848862,
            -0.7981028222730021,
            0.6651466178512397,
            2.2140839729208754,
            1.9660199849043116,
            -0.1046569191369214
        ]
    },
    "safe_limits": {
        "SAFE_X": [
            0.5773300943560392,
            -0.30922772403049636
        ],
        "SAFE_Y": [
            -1.213831130863852,
            -0.8081877500248613
        ],
        "SAFE_Z": [
            -0.4524099393195766,
            0.6551466178512397
        ]
    },
    "margin_m": 0.01,
    "timestamp": "Wed Mar  4 21:51:37 2026"
}